"Offset(P)","Name","PID","PPID","PDB","Time Created","Time Exited","Hostname","Investigated"
"1.4078E+14","System","4","0","1744898","2019-02-13 23:33:01 UTC+0000","","DESKTOP-NBVE6KH","false"
"1.4078E+14","svchost.exe","9800","756","10030088194","2019-02-13 23:35:09 UTC+0000","","DESKTOP-NBVE6KH","false"
"1.4078E+14","Registry","120","4","5242882","2019-02-13 23:32:59 UTC+0000","","DESKTOP-NBVE6KH","false"
"1.4078E+14","NisSrv.exe","5308","756","4306763778","2019-02-13 23:33:10 UTC+0000","","DESKTOP-NBVE6KH","false"
"1.4078E+14","PickerHost.exe","9092","920","12632195074","2019-02-14 02:42:53 UTC+0000","2019-02-14 02:43:00 UTC+0000","DESKTOP-NBVE6KH","false"
"1.4078E+14","LogonUI.exe","2940","540","16510877698","2019-02-14 05:05:06 UTC+0000","2019-02-14 18:29:39 UTC+0000","DESKTOP-NBVE6KH","false"
"1.4078E+14","EXCEL.EXE","516","2432","13788868610","2019-02-14 03:59:41 UTC+0000","2019-02-14 03:59:46 UTC+0000","DESKTOP-NBVE6KH","false"
"1.4078E+14","EXCEL.EXE","10132","2432","13267632130","2019-02-14 04:13:07 UTC+0000","2019-02-14 04:13:22 UTC+0000","DESKTOP-NBVE6KH","false"
"1.4078E+14","EXCEL.EXE","9144","2432","12567183362","2019-02-14 04:12:13 UTC+0000","2019-02-14 04:12:16 UTC+0000","DESKTOP-NBVE6KH","false"
"1.4078E+14","EXCEL.EXE","10792","2432","16366174210","2019-02-14 04:20:58 UTC+0000","2019-02-14 04:21:17 UTC+0000","DESKTOP-NBVE6KH","false"
"1.4078E+14","EXCEL.EXE","7436","2432","2518679554","2019-02-14 04:08:50 UTC+0000","2019-02-14 04:09:00 UTC+0000","DESKTOP-NBVE6KH","false"
"1.4078E+14","EXCEL.EXE","10320","2432","2409627650","2019-02-14 04:19:52 UTC+0000","2019-02-14 04:19:57 UTC+0000","DESKTOP-NBVE6KH","false"
"1.4078E+14","EXCEL.EXE","8784","2432","15762194434","2019-02-14 04:03:10 UTC+0000","2019-02-14 04:03:13 UTC+0000","DESKTOP-NBVE6KH","false"
"1.4078E+14","RuntimeBroker.","11040","920","10310647810","2019-02-13 23:35:10 UTC+0000","","DESKTOP-NBVE6KH","false"
"1.4078E+14","svchost.exe","12804","756","10115612674","2019-02-13 23:35:08 UTC+0000","","DESKTOP-NBVE6KH","false"
"1.4078E+14","Microsoft.Phot","15292","920","759169026","2019-02-13 23:35:08 UTC+0000","","DESKTOP-NBVE6KH","false"
"1.4078E+14","steamwebhelper","2476","1824","3316645890","2019-02-15 01:13:04 UTC+0000","","DESKTOP-NBVE6KH","false"
"1.4078E+14","svchost.exe","6288","756","13969129474","2019-02-14 23:33:17 UTC+0000","","DESKTOP-NBVE6KH","false"
"1.4078E+14","csrss.exe","692","672","1285554178","2019-02-13 23:33:04 UTC+0000","","DESKTOP-NBVE6KH","false"
"1.4078E+14","smss.exe","420","4","17188323330","2019-02-13 23:33:01 UTC+0000","","DESKTOP-NBVE6KH","false"
"1.4078E+14","nvcontainer.ex","6648","3424","4639817730","2019-02-13 23:33:16 UTC+0000","","DESKTOP-NBVE6KH","false"
"1.4078E+14","nvcontainer.ex","6636","3424","4616552450","2019-02-13 23:33:16 UTC+0000","","DESKTOP-NBVE6KH","false"
"1.4078E+14","csrss.exe","580","572","6447693826","2019-02-13 23:33:03 UTC+0000","","DESKTOP-NBVE6KH","false"
"1.4078E+14","svchost.exe","2572","756","4488953858","2019-02-13 23:33:13 UTC+0000","","DESKTOP-NBVE6KH","false"
"1.4078E+14","svchost.exe","7376","756","14261682178","2019-02-14 01:34:26 UTC+0000","","DESKTOP-NBVE6KH","false"
"1.4078E+14","svchost.exe","5892","756","4454350850","2019-02-13 23:33:12 UTC+0000","","DESKTOP-NBVE6KH","false"
"1.4078E+14","svchost.exe","11772","756","14810087426","2019-02-14 02:42:02 UTC+0000","","DESKTOP-NBVE6KH","false"
"1.4078E+14","vmnat.exe","3748","756","7209418754","2019-02-13 23:33:06 UTC+0000","","DESKTOP-NBVE6KH","false"
"1.4078E+14","wininit.exe","680","572","6483476482","2019-02-13 23:33:04 UTC+0000","","DESKTOP-NBVE6KH","false"
"1.4078E+14","LogonUI.exe","1064","540","6640762882","2019-02-13 23:33:05 UTC+0000","2019-02-14 02:42:07 UTC+0000","DESKTOP-NBVE6KH","false"
"1.4078E+14","fontdrvhost.ex","1004","540","6680543234","2019-02-13 23:33:04 UTC+0000","","DESKTOP-NBVE6KH","false"
"1.4078E+14","svchost.exe","392","756","6580076546","2019-02-13 23:33:04 UTC+0000","","DESKTOP-NBVE6KH","false"
"1.4078E+14","fontdrvhost.ex","928","680","6520045570","2019-02-13 23:33:04 UTC+0000","","DESKTOP-NBVE6KH","false"
"1.4078E+14","svchost.exe","920","756","6514868226","2019-02-13 23:33:04 UTC+0000","","DESKTOP-NBVE6KH","false"
"1.4078E+14","lsass.exe","768","680","6457262082","2019-02-13 23:33:04 UTC+0000","","DESKTOP-NBVE6KH","false"
"1.4078E+14","services.exe","756","680","6488588290","2019-02-13 23:33:04 UTC+0000","","DESKTOP-NBVE6KH","false"
"1.4078E+14","svchost.exe","896","756","6580862978","2019-02-13 23:33:04 UTC+0000","","DESKTOP-NBVE6KH","false"
"1.4078E+14","svchost.exe","1012","756","6573522946","2019-02-13 23:33:04 UTC+0000","","DESKTOP-NBVE6KH","false"
"1.4078E+14","winlogon.exe","540","672","6634340354","2019-02-13 23:33:04 UTC+0000","","DESKTOP-NBVE6KH","false"
"1.4078E+14","dwm.exe","1072","540","6639845378","2019-02-13 23:33:05 UTC+0000","","DESKTOP-NBVE6KH","false"
"1.4078E+14","svchost.exe","1652","756","6746210306","2019-02-13 23:33:05 UTC+0000","","DESKTOP-NBVE6KH","false"
"1.4078E+14","svchost.exe","1248","756","6693453826","2019-02-13 23:33:05 UTC+0000","","DESKTOP-NBVE6KH","false"
"1.4078E+14","svchost.exe","1116","756","6718750722","2019-02-13 23:33:05 UTC+0000","","DESKTOP-NBVE6KH","false"
"1.4078E+14","svchost.exe","1224","756","6692208642","2019-02-13 23:33:05 UTC+0000","","DESKTOP-NBVE6KH","false"
"1.4078E+14","svchost.exe","1240","756","6693322754","2019-02-13 23:33:05 UTC+0000","","DESKTOP-NBVE6KH","false"
"1.4078E+14","svchost.exe","1228","756","6692143106","2019-02-13 23:33:05 UTC+0000","","DESKTOP-NBVE6KH","false"
"1.4078E+14","svchost.exe","1412","756","6672154626","2019-02-13 23:33:05 UTC+0000","","DESKTOP-NBVE6KH","false"
"1.4078E+14","svchost.exe","1388","756","6668288002","2019-02-13 23:33:05 UTC+0000","","DESKTOP-NBVE6KH","false"
"1.4078E+14","svchost.exe","1452","756","6710034434","2019-02-13 23:33:05 UTC+0000","","DESKTOP-NBVE6KH","false"
"1.4078E+14","svchost.exe","1860","756","6780223490","2019-02-13 23:33:05 UTC+0000","","DESKTOP-NBVE6KH","false"
"1.4078E+14","svchost.exe","1628","756","6740967426","2019-02-13 23:33:05 UTC+0000","","DESKTOP-NBVE6KH","false"
"1.4078E+14","svchost.exe","1716","756","6758137858","2019-02-13 23:33:05 UTC+0000","","DESKTOP-NBVE6KH","false"
"1.4078E+14","svchost.exe","1680","756","6787104770","2019-02-13 23:33:05 UTC+0000","","DESKTOP-NBVE6KH","false"
"1.4078E+14","NVDisplay.Cont","1800","756","6773473282","2019-02-13 23:33:05 UTC+0000","","DESKTOP-NBVE6KH","false"
"1.4078E+14","svchost.exe","2296","756","6842548226","2019-02-13 23:33:05 UTC+0000","","DESKTOP-NBVE6KH","false"
"1.4078E+14","svchost.exe","2264","756","6769278978","2019-02-13 23:33:05 UTC+0000","","DESKTOP-NBVE6KH","false"
"1.4078E+14","svchost.exe","1564","756","6778126338","2019-02-13 23:33:05 UTC+0000","","DESKTOP-NBVE6KH","false"
"1.4078E+14","svchost.exe","1532","756","6779043842","2019-02-13 23:33:05 UTC+0000","","DESKTOP-NBVE6KH","false"
"1.4078E+14","svchost.exe","1552","756","6775308290","2019-02-13 23:33:05 UTC+0000","","DESKTOP-NBVE6KH","false"
"1.4078E+14","svchost.exe","1384","756","6774194178","2019-02-13 23:33:05 UTC+0000","","DESKTOP-NBVE6KH","false"
"1.4078E+14","svchost.exe","2004","756","6731595778","2019-02-13 23:33:05 UTC+0000","","DESKTOP-NBVE6KH","false"
"1.4078E+14","svchost.exe","1936","756","6826033154","2019-02-13 23:33:05 UTC+0000","","DESKTOP-NBVE6KH","false"
"1.4078E+14","svchost.exe","1868","756","6780289026","2019-02-13 23:33:05 UTC+0000","","DESKTOP-NBVE6KH","false"
"1.4078E+14","svchost.exe","1952","756","6793920514","2019-02-13 23:33:05 UTC+0000","","DESKTOP-NBVE6KH","false"
"1.4078E+14","svchost.exe","1996","756","6730481666","2019-02-13 23:33:05 UTC+0000","","DESKTOP-NBVE6KH","false"
"1.4078E+14","svchost.exe","1660","756","6779764738","2019-02-13 23:33:05 UTC+0000","","DESKTOP-NBVE6KH","false"
"1.4078E+14","svchost.exe","2196","756","6868238338","2019-02-13 23:33:05 UTC+0000","","DESKTOP-NBVE6KH","false"
"1.4078E+14","svchost.exe","2416","756","6855589890","2019-02-13 23:33:05 UTC+0000","","DESKTOP-NBVE6KH","false"
"1.4078E+14","svchost.exe","2408","756","6819610626","2019-02-13 23:33:05 UTC+0000","","DESKTOP-NBVE6KH","false"
"1.4078E+14","svchost.exe","2832","756","7037648898","2019-02-13 23:33:05 UTC+0000","","DESKTOP-NBVE6KH","false"
"1.4078E+14","svchost.exe","2828","756","7037583362","2019-02-13 23:33:05 UTC+0000","","DESKTOP-NBVE6KH","false"
"1.4078E+14","svchost.exe","2784","756","7028604930","2019-02-13 23:33:05 UTC+0000","","DESKTOP-NBVE6KH","false"
"1.4078E+14","svchost.exe","2844","756","7037714434","2019-02-13 23:33:05 UTC+0000","","DESKTOP-NBVE6KH","false"
"1.4078E+14","svchost.exe","3380","756","7165837314","2019-02-13 23:33:06 UTC+0000","","DESKTOP-NBVE6KH","false"
"1.4078E+14","spoolsv.exe","3164","756","7059144706","2019-02-13 23:33:05 UTC+0000","","DESKTOP-NBVE6KH","false"
"1.4078E+14","svchost.exe","3108","756","7109279746","2019-02-13 23:33:05 UTC+0000","","DESKTOP-NBVE6KH","false"
"1.4078E+14","svchost.exe","1028","756","7074676738","2019-02-13 23:33:05 UTC+0000","","DESKTOP-NBVE6KH","false"
"1.4078E+14","svchost.exe","2952","756","6946553858","2019-02-13 23:33:05 UTC+0000","","DESKTOP-NBVE6KH","false"
"1.4078E+14","svchost.exe","3036","756","7064387586","2019-02-13 23:33:05 UTC+0000","","DESKTOP-NBVE6KH","false"
"1.4078E+14","svchost.exe","3200","756","7102267394","2019-02-13 23:33:05 UTC+0000","","DESKTOP-NBVE6KH","false"
"1.4078E+14","rundll32.exe","2100","3424","11950751746","2019-02-13 23:34:11 UTC+0000","2019-02-13 23:34:12 UTC+0000","DESKTOP-NBVE6KH","false"
"1.4078E+14","svchost.exe","3432","756","7133855746","2019-02-13 23:33:06 UTC+0000","","DESKTOP-NBVE6KH","false"
"1.4078E+14","svchost.exe","3408","756","7130972162","2019-02-13 23:33:06 UTC+0000","","DESKTOP-NBVE6KH","false"
"1.4078E+14","ibtsiva.exe","3388","756","7131430914","2019-02-13 23:33:06 UTC+0000","","DESKTOP-NBVE6KH","false"
"1.4078E+14","svchost.exe","3660","756","7121993730","2019-02-13 23:33:06 UTC+0000","","DESKTOP-NBVE6KH","false"
"1.4078E+14","SecurityHealth","3580","756","7149780994","2019-02-13 23:33:06 UTC+0000","","DESKTOP-NBVE6KH","false"
"1.4078E+14","svchost.exe","3552","756","7111573506","2019-02-13 23:33:06 UTC+0000","","DESKTOP-NBVE6KH","false"
"1.4078E+14","svchost.exe","3416","756","7131168770","2019-02-13 23:33:06 UTC+0000","","DESKTOP-NBVE6KH","false"
"1.4078E+14","nvcontainer.ex","3424","756","7133659138","2019-02-13 23:33:06 UTC+0000","","DESKTOP-NBVE6KH","false"
"1.4078E+14","svchost.exe","3396","756","7131693058","2019-02-13 23:33:06 UTC+0000","","DESKTOP-NBVE6KH","false"
"1.4078E+14","OVRServiceLaun","3524","756","7142506498","2019-02-13 23:33:06 UTC+0000","","DESKTOP-NBVE6KH","false"
"1.4078E+14","OfficeClickToR","15556","756","7349469186","2019-02-14 18:35:25 UTC+0000","","DESKTOP-NBVE6KH","false"
"1.4078E+14","NvTelemetryCon","3456","756","7207649282","2019-02-13 23:33:06 UTC+0000","","DESKTOP-NBVE6KH","false"
"1.4078E+14","svchost.exe","3560","756","7111507970","2019-02-13 23:33:06 UTC+0000","","DESKTOP-NBVE6KH","false"
"1.4078E+14","svchost.exe","3636","756","7226523650","2019-02-13 23:33:06 UTC+0000","","DESKTOP-NBVE6KH","false"
"1.4078E+14","VirtualDesktop","3696","756","7124680706","2019-02-13 23:33:06 UTC+0000","","DESKTOP-NBVE6KH","false"
"1.4078E+14","svchost.exe","3856","756","7259488258","2019-02-13 23:33:06 UTC+0000","","DESKTOP-NBVE6KH","false"
"1.4078E+14","MemCompression","3720","4","7201226754","2019-02-13 23:33:06 UTC+0000","","DESKTOP-NBVE6KH","false"
"1.4078E+14","vmnetdhcp.exe","3732","756","7243431938","2019-02-13 23:33:06 UTC+0000","","DESKTOP-NBVE6KH","false"
"1.4078E+14","MsMpEng.exe","3792","756","7182417922","2019-02-13 23:33:06 UTC+0000","","DESKTOP-NBVE6KH","false"
"1.4078E+14","dasHost.exe","4052","1996","17367564290","2019-02-13 23:33:06 UTC+0000","","DESKTOP-NBVE6KH","false"
"1.4078E+14","svchost.exe","4240","756","1081114626","2019-02-13 23:33:06 UTC+0000","","DESKTOP-NBVE6KH","false"
"1.4078E+14","svchost.exe","4172","756","6942621698","2019-02-13 23:33:06 UTC+0000","","DESKTOP-NBVE6KH","false"
"1.4078E+14","vmware-usbarbi","4196","756","7159689218","2019-02-13 23:33:06 UTC+0000","","DESKTOP-NBVE6KH","false"
"1.4078E+14","vmware-authd.e","4180","756","7224700930","2019-02-13 23:33:06 UTC+0000","","DESKTOP-NBVE6KH","false"
"1.4078E+14","svchost.exe","4080","756","1075838978","2019-02-13 23:33:06 UTC+0000","","DESKTOP-NBVE6KH","false"
"1.4078E+14","WUDFHost.exe","4376","756","1199693826","2019-02-13 23:33:06 UTC+0000","","DESKTOP-NBVE6KH","false"
"1.4078E+14","sihost.exe","6688","2264","4653121538","2019-02-13 23:33:16 UTC+0000","","DESKTOP-NBVE6KH","false"
"1.4078E+14","NVIDIA Web Hel","8060","6980","5042733058","2019-02-13 23:33:17 UTC+0000","","DESKTOP-NBVE6KH","false"
"1.4078E+14","NVDisplay.Cont","6408","1800","1811939330","2019-02-13 23:33:15 UTC+0000","","DESKTOP-NBVE6KH","false"
"1.4078E+14","conhost.exe","8072","8060","5009178626","2019-02-13 23:33:18 UTC+0000","","DESKTOP-NBVE6KH","false"
"1.4078E+14","cmd.exe","12720","2432","8059355138","2019-02-13 23:33:49 UTC+0000","2019-02-13 23:33:49 UTC+0000","DESKTOP-NBVE6KH","false"
"1.4078E+14","svchost.exe","7164","756","4692049922","2019-02-13 23:33:16 UTC+0000","","DESKTOP-NBVE6KH","false"
"1.4078E+14","ctfmon.exe","6204","7164","4776525826","2019-02-13 23:33:16 UTC+0000","","DESKTOP-NBVE6KH","false"
"1.4078E+14","OVRServer_x64.","6324","3524","4778098690","2019-02-13 23:33:16 UTC+0000","","DESKTOP-NBVE6KH","false"
"1.4078E+14","explorer.exe","2432","5572","4769644546","2019-02-13 23:33:16 UTC+0000","","DESKTOP-NBVE6KH","false"
"1.4078E+14","userinit.exe","5572","540","4782817282","2019-02-13 23:33:16 UTC+0000","2019-02-13 23:33:42 UTC+0000","DESKTOP-NBVE6KH","false"
"1.4078E+14","conhost.exe","6320","6324","4744544258","2019-02-13 23:33:16 UTC+0000","","DESKTOP-NBVE6KH","false"
"1.4078E+14","svchost.exe","7380","756","4790943746","2019-02-13 23:33:16 UTC+0000","","DESKTOP-NBVE6KH","false"
"1.4078E+14","svchost.exe","7444","756","4860674050","2019-02-13 23:33:16 UTC+0000","","DESKTOP-NBVE6KH","false"
"1.4078E+14","svchost.exe","6728","756","4621860866","2019-02-13 23:33:16 UTC+0000","","DESKTOP-NBVE6KH","false"
"1.4078E+14","svchost.exe","6824","756","4664131586","2019-02-13 23:33:16 UTC+0000","","DESKTOP-NBVE6KH","false"
"1.4078E+14","svchost.exe","8692","756","12215910402","2019-02-13 23:39:05 UTC+0000","2019-02-13 23:39:12 UTC+0000","DESKTOP-NBVE6KH","false"
"1.4078E+14","taskhostw.exe","6964","1936","4714266626","2019-02-13 23:33:16 UTC+0000","","DESKTOP-NBVE6KH","false"
"1.4078E+14","svchost.exe","7692","756","5082644482","2019-02-13 23:33:18 UTC+0000","","DESKTOP-NBVE6KH","false"
"1.4078E+14","svchost.exe","7432","756","5054136322","2019-02-13 23:33:18 UTC+0000","","DESKTOP-NBVE6KH","false"
"1.4078E+14","svchost.exe","12540","756","10078912514","2019-02-13 23:35:07 UTC+0000","","DESKTOP-NBVE6KH","false"
"1.4078E+14","ShellExperienc","7972","920","5234688002","2019-02-13 23:33:20 UTC+0000","","DESKTOP-NBVE6KH","false"
"1.4078E+14","SearchUI.exe","8496","920","5288820738","2019-02-13 23:33:20 UTC+0000","","DESKTOP-NBVE6KH","false"
"1.4078E+14","RuntimeBroker.","8680","920","5335154690","2019-02-13 23:33:20 UTC+0000","","DESKTOP-NBVE6KH","false"
"1.4078E+14","RuntimeBroker.","9004","920","1987510274","2019-02-13 23:33:21 UTC+0000","","DESKTOP-NBVE6KH","false"
"1.4078E+14","dllhost.exe","8924","920","1971322882","2019-02-13 23:33:21 UTC+0000","","DESKTOP-NBVE6KH","false"
"1.4078E+14","SettingSyncHos","9124","920","1953497090","2019-02-13 23:33:21 UTC+0000","","DESKTOP-NBVE6KH","false"
"1.4078E+14","RuntimeBroker.","8820","920","2017263618","2019-02-13 23:33:21 UTC+0000","","DESKTOP-NBVE6KH","false"
"1.4078E+14","EXCEL.EXE","1668","2432","13672382466","2019-02-14 04:06:35 UTC+0000","2019-02-14 04:06:46 UTC+0000","DESKTOP-NBVE6KH","false"
"1.4078E+14","jucheck.exe","9000","12868","12603883522","2019-02-13 23:38:41 UTC+0000","","DESKTOP-NBVE6KH","false"
"1.4078E+14","steamwebhelper","8780","1824","5247074306","2019-02-15 01:23:12 UTC+0000","","DESKTOP-NBVE6KH","false"
"1.4078E+14","LockApp.exe","9700","920","5434966018","2019-02-13 23:33:22 UTC+0000","","DESKTOP-NBVE6KH","false"
"1.4078E+14","RuntimeBroker.","9880","920","2061500418","2019-02-13 23:33:22 UTC+0000","","DESKTOP-NBVE6KH","false"
"1.4078E+14","Microsoft.Note","9016","920","5483003906","2019-02-13 23:33:23 UTC+0000","","DESKTOP-NBVE6KH","false"
"1.4078E+14","RuntimeBroker.","10108","920","5546967042","2019-02-13 23:33:23 UTC+0000","","DESKTOP-NBVE6KH","false"
"1.4078E+14","svchost.exe","10096","756","5665390594","2019-02-13 23:33:23 UTC+0000","","DESKTOP-NBVE6KH","false"
"1.4078E+14","Microsoft.Note","10276","10108","4773117954","2019-02-13 23:33:23 UTC+0000","","DESKTOP-NBVE6KH","false"
"1.4078E+14","sedsvc.exe","16144","756","6012760066","2019-02-14 23:27:32 UTC+0000","","DESKTOP-NBVE6KH","false"
"1.4078E+14","MSASCuiL.exe","11680","2432","6350438402","2019-02-13 23:33:32 UTC+0000","","DESKTOP-NBVE6KH","false"
"1.4078E+14","svchost.exe","10600","756","5899288578","2019-02-13 23:33:28 UTC+0000","","DESKTOP-NBVE6KH","false"
"1.4078E+14","svchost.exe","12436","756","479199234","2019-02-13 23:35:08 UTC+0000","","DESKTOP-NBVE6KH","false"
"1.4078E+14","OneDrive.exe","11828","2432","6339690498","2019-02-13 23:33:32 UTC+0000","2019-02-14 02:42:31 UTC+0000","DESKTOP-NBVE6KH","false"
"1.4078E+14","SgrmBroker.exe","10692","756","10101981186","2019-02-13 23:35:08 UTC+0000","","DESKTOP-NBVE6KH","false"
"1.4078E+14","svchost.exe","12008","756","6373441538","2019-02-13 23:33:33 UTC+0000","","DESKTOP-NBVE6KH","false"
"1.4078E+14","conhost.exe","4268","8048","2464153602","2019-02-14 04:49:04 UTC+0000","","DESKTOP-NBVE6KH","false"
"1.4078E+14","EXCEL.EXE","9336","2432","2340421634","2019-02-14 04:05:56 UTC+0000","2019-02-14 04:06:04 UTC+0000","DESKTOP-NBVE6KH","false"
"1.4078E+14","EXCEL.EXE","6520","2432","16089350146","2019-02-14 04:08:55 UTC+0000","2019-02-14 04:09:18 UTC+0000","DESKTOP-NBVE6KH","false"
"1.4078E+14","EXCEL.EXE","3956","2432","2487222274","2019-02-14 04:21:26 UTC+0000","2019-02-14 04:21:33 UTC+0000","DESKTOP-NBVE6KH","false"
"1.4078E+14","EXCEL.EXE","2388","2432","15587082242","2019-02-14 04:00:08 UTC+0000","2019-02-14 04:00:13 UTC+0000","DESKTOP-NBVE6KH","false"
"1.4078E+14","audiodg.exe","6700","2784","14535360514","2019-02-15 01:51:12 UTC+0000","","DESKTOP-NBVE6KH","false"
"1.4078E+14","EXCEL.EXE","13944","2432","15837691906","2019-02-14 04:17:24 UTC+0000","2019-02-14 04:17:37 UTC+0000","DESKTOP-NBVE6KH","false"
"1.4078E+14","EXCEL.EXE","16356","2432","2187329538","2019-02-14 04:20:10 UTC+0000","2019-02-14 04:20:26 UTC+0000","DESKTOP-NBVE6KH","false"
"1.4078E+14","steamwebhelper","12304","1824","7804551170","2019-02-15 01:12:48 UTC+0000","","DESKTOP-NBVE6KH","false"
"1.4078E+14","EXCEL.EXE","4456","2432","12465471490","2019-02-14 04:13:43 UTC+0000","2019-02-14 04:13:46 UTC+0000","DESKTOP-NBVE6KH","false"
"1.4078E+14","EXCEL.EXE","14240","2432","16461594626","2019-02-14 04:00:04 UTC+0000","2019-02-14 04:00:07 UTC+0000","DESKTOP-NBVE6KH","false"
"1.4078E+14","EXCEL.EXE","8908","2432","2338324482","2019-02-14 04:13:10 UTC+0000","2019-02-14 04:13:13 UTC+0000","DESKTOP-NBVE6KH","false"
"1.4078E+14","SteamService.e","10820","756","2630877186","2019-02-15 01:12:47 UTC+0000","","DESKTOP-NBVE6KH","false"
"1.4078E+14","LogonUI.exe","9360","540","16799236098","2019-02-14 18:31:30 UTC+0000","2019-02-15 01:07:46 UTC+0000","DESKTOP-NBVE6KH","false"
"1.4078E+14","Discord.exe","588","2432","10887364610","2019-02-13 23:33:36 UTC+0000","","DESKTOP-NBVE6KH","false"
"1.4078E+14","Discord.exe","676","588","11037376514","2019-02-13 23:33:37 UTC+0000","","DESKTOP-NBVE6KH","false"
"1.4078E+14","Update.exe","11788","2432","11202199554","2019-02-13 23:33:39 UTC+0000","2019-02-13 23:33:40 UTC+0000","DESKTOP-NBVE6KH","false"
"1.4078E+14","Twitch.exe","12420","2432","6316621826","2019-02-13 23:33:40 UTC+0000","2019-02-14 02:42:28 UTC+0000","DESKTOP-NBVE6KH","false"
"1.4078E+14","slack.exe","12352","11788","11063525378","2019-02-13 23:33:40 UTC+0000","","DESKTOP-NBVE6KH","false"
"1.4078E+14","Discord.exe","12488","588","6290407426","2019-02-13 23:33:40 UTC+0000","","DESKTOP-NBVE6KH","false"
"1.4078E+14","Discord.exe","12592","588","11204034562","2019-02-13 23:33:40 UTC+0000","","DESKTOP-NBVE6KH","false"
"1.4078E+14","BrYNSvc.exe","12788","756","11345657858","2019-02-13 23:33:41 UTC+0000","","DESKTOP-NBVE6KH","false"
"1.4078E+14","jusched.exe","12868","12380","11391729666","2019-02-13 23:33:41 UTC+0000","","DESKTOP-NBVE6KH","false"
"1.4078E+14","slack.exe","13088","12352","11603673090","2019-02-13 23:33:43 UTC+0000","","DESKTOP-NBVE6KH","false"
"1.4078E+14","steamwebhelper","1824","16208","2212495362","2019-02-15 01:12:47 UTC+0000","","DESKTOP-NBVE6KH","false"
"1.4078E+14","slack.exe","13128","12352","11539120130","2019-02-13 23:33:43 UTC+0000","","DESKTOP-NBVE6KH","false"
"1.4078E+14","slack.exe","12404","12352","11791302658","2019-02-13 23:33:44 UTC+0000","","DESKTOP-NBVE6KH","false"
"1.4078E+14","slack.exe","13232","12352","11723472898","2019-02-13 23:33:44 UTC+0000","","DESKTOP-NBVE6KH","false"
"1.4078E+14","ApplicationFra","6044","920","11583619074","2019-02-14 02:42:35 UTC+0000","","DESKTOP-NBVE6KH","false"
"1.4078E+14","EXCEL.EXE","4408","2432","17167286274","2019-02-14 04:18:40 UTC+0000","2019-02-14 04:18:47 UTC+0000","DESKTOP-NBVE6KH","false"
"1.4078E+14","EXCEL.EXE","14860","2432","14843641858","2019-02-14 04:22:08 UTC+0000","2019-02-14 04:23:05 UTC+0000","DESKTOP-NBVE6KH","false"
"1.4078E+14","cmd.exe","12728","2432","7832862722","2019-02-13 23:33:49 UTC+0000","2019-02-13 23:33:49 UTC+0000","DESKTOP-NBVE6KH","false"
"1.4078E+14","WmiPrvSE.exe","13596","920","452984834","2019-02-15 02:04:53 UTC+0000","","DESKTOP-NBVE6KH","false"
"1.4078E+14","EXCEL.EXE","14188","2432","8060403714","2019-02-13 23:33:49 UTC+0000","2019-02-14 02:42:14 UTC+0000","DESKTOP-NBVE6KH","false"
"1.4078E+14","conhost.exe","11664","4904","8533311490","2019-02-15 02:04:53 UTC+0000","","DESKTOP-NBVE6KH","false"
"1.4078E+14","cmd.exe","13796","2432","7949254658","2019-02-13 23:33:49 UTC+0000","2019-02-13 23:33:49 UTC+0000","DESKTOP-NBVE6KH","false"
"1.4078E+14","powershell_ise","8048","2432","8152678402","2019-02-13 23:33:49 UTC+0000","","DESKTOP-NBVE6KH","false"
"1.4078E+14","chrome.exe","13888","2432","8041529346","2019-02-13 23:33:49 UTC+0000","2019-02-15 02:03:17 UTC+0000","DESKTOP-NBVE6KH","false"
"1.4078E+14","cmd.exe","6236","2432","7695499266","2019-02-13 23:33:49 UTC+0000","2019-02-13 23:33:49 UTC+0000","DESKTOP-NBVE6KH","false"
"1.4078E+14","NVIDIA Share.e","2220","6636","11929649154","2019-02-13 23:34:12 UTC+0000","","DESKTOP-NBVE6KH","false"
"1.4078E+14","Discord.exe","14796","588","9143582722","2019-02-13 23:33:54 UTC+0000","2019-02-13 23:34:01 UTC+0000","DESKTOP-NBVE6KH","false"
"1.4078E+14","Discord.exe","15120","12592","9537847298","2019-02-13 23:33:58 UTC+0000","","DESKTOP-NBVE6KH","false"
"1.4078E+14","EXCEL.EXE","11252","2432","2492465154","2019-02-14 04:13:46 UTC+0000","2019-02-14 04:13:48 UTC+0000","DESKTOP-NBVE6KH","false"
"1.4078E+14","svchost.exe","6056","756","16791896066","2019-02-15 02:02:56 UTC+0000","","DESKTOP-NBVE6KH","false"
"1.4078E+14","Discord.exe","15000","588","8881438722","2019-02-13 23:33:53 UTC+0000","2019-02-13 23:33:55 UTC+0000","DESKTOP-NBVE6KH","false"
"1.4078E+14","nvsphelper64.e","2116","3424","11959009282","2019-02-13 23:34:12 UTC+0000","","DESKTOP-NBVE6KH","false"
"1.4078E+14","nvnodejslaunch","2564","2220","12068651010","2019-02-13 23:34:12 UTC+0000","2019-02-13 23:34:13 UTC+0000","DESKTOP-NBVE6KH","false"
"1.4078E+14","Discord.exe","3632","15120","12462391298","2019-02-13 23:34:14 UTC+0000","2019-02-13 23:34:15 UTC+0000","DESKTOP-NBVE6KH","false"
"1.4078E+14","EXCEL.EXE","8528","2432","15994978306","2019-02-14 04:09:02 UTC+0000","2019-02-14 04:09:05 UTC+0000","DESKTOP-NBVE6KH","false"
"1.4078E+14","Discord.exe","11356","15120","315752450","2019-02-13 23:34:00 UTC+0000","","DESKTOP-NBVE6KH","false"
"1.4078E+14","EXCEL.EXE","11716","2432","8546942978","2019-02-14 04:01:09 UTC+0000","2019-02-14 04:01:12 UTC+0000","DESKTOP-NBVE6KH","false"
"1.4078E+14","NVIDIA Share.e","3464","2220","12174163970","2019-02-13 23:34:13 UTC+0000","","DESKTOP-NBVE6KH","false"
"1.4078E+14","svchost.exe","16108","756","433061890","2019-02-13 23:34:03 UTC+0000","","DESKTOP-NBVE6KH","false"
"1.4078E+14","AppVShNotify.e","11952","15556","8121221122","2019-02-14 18:35:34 UTC+0000","","DESKTOP-NBVE6KH","false"
"1.4078E+14","Steam.exe","16208","2432","4947181570","2019-02-15 01:12:46 UTC+0000","","DESKTOP-NBVE6KH","false"
"1.4078E+14","steamwebhelper","380","1824","5357174786","2019-02-15 01:12:48 UTC+0000","","DESKTOP-NBVE6KH","false"
"1.4078E+14","OfficeClickToR","944","2432","5847908354","2019-02-14 18:32:58 UTC+0000","2019-02-14 18:36:04 UTC+0000","DESKTOP-NBVE6KH","false"
"1.4078E+14","DumpIt-64.exe","4904","8048","8341422082","2019-02-15 02:04:53 UTC+0000","","DESKTOP-NBVE6KH","false"
"1.4078E+14","SearchIndexer.","5860","756","13077839874","2019-02-14 18:36:03 UTC+0000","","DESKTOP-NBVE6KH","false"
"1.4078E+14","AppVShNotify.e","6040","15556","8279556098","2019-02-14 18:35:34 UTC+0000","","DESKTOP-NBVE6KH","false"
"1.4078E+14","EXCEL.EXE","11404","2432","940572674","2019-02-15 01:55:21 UTC+0000","2019-02-15 01:55:31 UTC+0000","DESKTOP-NBVE6KH","false"
"1.4078E+14","EXCEL.EXE","10440","2432","12817793026","2019-02-15 01:55:56 UTC+0000","2019-02-15 01:55:58 UTC+0000","DESKTOP-NBVE6KH","false"
"1.4078E+14","SearchProtocol","252","5860","276824066","2019-02-15 02:02:10 UTC+0000","","DESKTOP-NBVE6KH","false"
"1.4078E+14","svchost.exe","688","756","8261730306","2019-02-15 02:04:53 UTC+0000","","DESKTOP-NBVE6KH","false"
"1.4078E+14","svchost.exe","12892","756","243269634","2019-02-15 01:55:24 UTC+0000","","DESKTOP-NBVE6KH","false"
